Month,TempLow Avg,TempHigh Avg,table_caption,category,data_type
Jan,22℃,33℃,Best Months To Visit Valencia,climate,table
Feb,22℃,34℃,Best Months To Visit Valencia,climate,table
Mar,23℃,34℃,Best Months To Visit Valencia,climate,table
Apr,24℃,33℃,Best Months To Visit Valencia,climate,table
May,23℃,32℃,Best Months To Visit Valencia,climate,table
Jun,23℃,32℃,Best Months To Visit Valencia,climate,table
Jul,23℃,32℃,Best Months To Visit Valencia,climate,table
Aug,22℃,31℃,Best Months To Visit Valencia,climate,table
Sep,22℃,32℃,Best Months To Visit Valencia,climate,table
Oct,21℃,32℃,Best Months To Visit Valencia,climate,table
Nov,22℃,32℃,Best Months To Visit Valencia,climate,table
Dec,22℃,33℃,Best Months To Visit Valencia,climate,table
